[
    {
        "1": [
            {
                "university": "University of California, Davis",
                "program": "Computer Science",
                "program_type": "Masters",
                "entry date": "May 30, 2025",
                "decision": "Rejected on 30 May",
                "url_link": "https://www.thegradcafe.com/result/986065",
                "start_semester": "Fall 2025",
                "student_type": "International",
                "GRE_score": "GRE 326",
                "GRE_V_score": "GRE V 158",
                "GRE_AW_score": "GRE AW 4.50",
                "GPA": "GPA 3.80",
                "comment": "None"
            },
            {
                "university": "Ecole Polytechnique Federale De Lausanne (EPFL)",
                "program": "Computer Science",
                "program_type": "PhD",
                "entry date": "May 28, 2025",
                "decision": "Wait listed on 27 May",
                "url_link": "https://www.thegradcafe.com/result/986049",
                "start_semester": "Fall 2025",
                "student_type": "International",
                "GRE_score": "GRE 326",
                "GRE_V_score": "GRE V 158",
                "GRE_AW_score": "GRE AW 4.50",
                "GPA": "GPA 3.80",
                "comment": "There are two possible ways to join the program: either with a one-year EDIC fellowship, or by being hired directly by an EDIC-affiliated lab. Your application has unfortunately not been selected for a fellowship; however, you are considered eligible for the program. (Part of email from the admission office)\r\n\r\nThis means I must now seek a lab that is willing to fund my doctoral studies. I have also heard that securing a fellowship in the 2nd round is exceptionally difficult; however, the department has decided to discontinue the 2nd round starting in 2026. Best of luck to future applicants."
            },
            {
                "university": "Osmania University",
                "program": "Computer Science",
                "program_type": "Masters",
                "entry date": "May 28, 2025",
                "decision": "Accepted on 5 Apr",
                "url_link": "https://www.thegradcafe.com/result/986046",
                "start_semester": "Fall 2025",
                "student_type": "International",
                "GRE_score": "GRE 326",
                "GRE_V_score": "GRE V 158",
                "GRE_AW_score": "GRE AW 4.50",
                "GPA": "GPA 2.96",
                "comment": "There are two possible ways to join the program: either with a one-year EDIC fellowship, or by being hired directly by an EDIC-affiliated lab. Your application has unfortunately not been selected for a fellowship; however, you are considered eligible for the program. (Part of email from the admission office)\r\n\r\nThis means I must now seek a lab that is willing to fund my doctoral studies. I have also heard that securing a fellowship in the 2nd round is exceptionally difficult; however, the department has decided to discontinue the 2nd round starting in 2026. Best of luck to future applicants."
            },
            {
                "university": "Texas A&M University - College Station",
                "program": "Computer Science",
                "program_type": "Masters",
                "entry date": "May 26, 2025",
                "decision": "Accepted on 26 Apr",
                "url_link": "https://www.thegradcafe.com/result/986027",
                "start_semester": "Fall 2025",
                "student_type": "International",
                "GRE_score": "GRE 326",
                "GRE_V_score": "GRE V 158",
                "GRE_AW_score": "GRE AW 4.50",
                "GPA": "GPA 3.89",
                "comment": "There are two possible ways to join the program: either with a one-year EDIC fellowship, or by being hired directly by an EDIC-affiliated lab. Your application has unfortunately not been selected for a fellowship; however, you are considered eligible for the program. (Part of email from the admission office)\r\n\r\nThis means I must now seek a lab that is willing to fund my doctoral studies. I have also heard that securing a fellowship in the 2nd round is exceptionally difficult; however, the department has decided to discontinue the 2nd round starting in 2026. Best of luck to future applicants."
            },
            {
                "university": "Central Michigan University",
                "program": "Computer Science",
                "program_type": "Masters",
                "entry date": "May 23, 2025",
                "decision": "Rejected on 23 May",
                "url_link": "https://www.thegradcafe.com/result/986015",
                "start_semester": "Fall 2025",
                "student_type": "International",
                "GRE_score": "GRE 326",
                "GRE_V_score": "GRE V 158",
                "GRE_AW_score": "GRE AW 4.50",
                "GPA": "GPA 3.5",
                "comment": "There are two possible ways to join the program: either with a one-year EDIC fellowship, or by being hired directly by an EDIC-affiliated lab. Your application has unfortunately not been selected for a fellowship; however, you are considered eligible for the program. (Part of email from the admission office)\r\n\r\nThis means I must now seek a lab that is willing to fund my doctoral studies. I have also heard that securing a fellowship in the 2nd round is exceptionally difficult; however, the department has decided to discontinue the 2nd round starting in 2026. Best of luck to future applicants."
            },
            {
                "university": "McGill University",
                "program": "Computer Science",
                "program_type": "Masters",
                "entry date": "May 20, 2025",
                "decision": "Rejected on 20 May",
                "url_link": "https://www.thegradcafe.com/result/985974",
                "start_semester": "Fall 2025",
                "student_type": "International",
                "GRE_score": "GRE 326",
                "GRE_V_score": "GRE V 158",
                "GRE_AW_score": "GRE AW 4.50",
                "GPA": "GPA 3.80",
                "comment": "Thesis Master of Computer Science, finally got my rejection notice"
            },
            {
                "university": "McGill University",
                "program": "Computer Science",
                "program_type": "Masters",
                "entry date": "May 20, 2025",
                "decision": "Rejected on 20 May",
                "url_link": "https://www.thegradcafe.com/result/985973",
                "start_semester": "Fall 2025",
                "student_type": "International",
                "GRE_score": "GRE 326",
                "GRE_V_score": "GRE V 158",
                "GRE_AW_score": "GRE AW 4.50",
                "GPA": "GPA 3.7",
                "comment": "Thesis Master of Computer Science, finally got my rejection notice"
            },
            {
                "university": "University of Maryland, College Park",
                "program": "Computer Science",
                "program_type": "PhD",
                "entry date": "May 16, 2025",
                "decision": "Rejected on 16 May",
                "url_link": "https://www.thegradcafe.com/result/985925",
                "start_semester": "Fall 2025",
                "student_type": "International",
                "GRE_score": "GRE 326",
                "GRE_V_score": "GRE V 158",
                "GRE_AW_score": "GRE AW 4.50",
                "GPA": "GPA 3.7",
                "comment": "Yesterday, my application portal was changed from under program review to under grad school review. Today, I got the rejection letter. I don\u2019t know why I didn\u2019t get any notification on May 2nd."
            },
            {
                "university": "Virginia Tech",
                "program": "Computer Science",
                "program_type": "PhD",
                "entry date": "May 14, 2025",
                "decision": "Rejected on 13 May",
                "url_link": "https://www.thegradcafe.com/result/985888",
                "start_semester": "Fall 2025",
                "student_type": "International",
                "GRE_score": "GRE 326",
                "GRE_V_score": "GRE V 158",
                "GRE_AW_score": "GRE AW 4.50",
                "GPA": "GPA 3.55",
                "comment": "Yesterday, my application portal was changed from under program review to under grad school review. Today, I got the rejection letter. I don\u2019t know why I didn\u2019t get any notification on May 2nd."
            },
            {
                "university": "New Jersey Institute of Technology",
                "program": "Computer Science",
                "program_type": "Masters",
                "entry date": "May 13, 2025",
                "decision": "Accepted on 5 Feb",
                "url_link": "https://www.thegradcafe.com/result/985886",
                "start_semester": "Fall 2025",
                "student_type": "International",
                "GRE_score": "GRE 314",
                "GRE_V_score": "GRE V 158",
                "GRE_AW_score": "GRE AW 4.50",
                "GPA": "GPA 3.14",
                "comment": "Yesterday, my application portal was changed from under program review to under grad school review. Today, I got the rejection letter. I don\u2019t know why I didn\u2019t get any notification on May 2nd."
            },
            {
                "university": "University of British Columbia",
                "program": "Computer Science",
                "program_type": "Masters",
                "entry date": "May 12, 2025",
                "decision": "Rejected on 12 May",
                "url_link": "https://www.thegradcafe.com/result/985874",
                "start_semester": "Fall 2025",
                "student_type": "International",
                "GRE_score": "GRE 314",
                "GRE_V_score": "GRE V 158",
                "GRE_AW_score": "GRE AW 4.50",
                "GPA": "GPA 3.5",
                "comment": "Yesterday, my application portal was changed from under program review to under grad school review. Today, I got the rejection letter. I don\u2019t know why I didn\u2019t get any notification on May 2nd."
            },
            {
                "university": "University of British Columbia",
                "program": "Computer Science",
                "program_type": "Masters",
                "entry date": "May 12, 2025",
                "decision": "Rejected on 12 May",
                "url_link": "https://www.thegradcafe.com/result/985873",
                "start_semester": "Fall 2025",
                "student_type": "International",
                "GRE_score": "GRE 314",
                "GRE_V_score": "GRE V 158",
                "GRE_AW_score": "GRE AW 4.50",
                "GPA": "GPA 3.5",
                "comment": "Yesterday, my application portal was changed from under program review to under grad school review. Today, I got the rejection letter. I don\u2019t know why I didn\u2019t get any notification on May 2nd."
            },
            {
                "university": "University of California, Santa Barbara",
                "program": "Computer Science",
                "program_type": "PhD",
                "entry date": "May 12, 2025",
                "decision": "Rejected on 2 May",
                "url_link": "https://www.thegradcafe.com/result/985872",
                "start_semester": "Fall 2025",
                "student_type": "American",
                "GRE_score": "GRE 314",
                "GRE_V_score": "GRE V 158",
                "GRE_AW_score": "GRE AW 4.50",
                "GPA": "GPA 3.75",
                "comment": "Yesterday, my application portal was changed from under program review to under grad school review. Today, I got the rejection letter. I don\u2019t know why I didn\u2019t get any notification on May 2nd."
            },
            {
                "university": "New York University",
                "program": "Computer Science",
                "program_type": "PhD",
                "entry date": "May 12, 2025",
                "decision": "Rejected on 2 May",
                "url_link": "https://www.thegradcafe.com/result/985871",
                "start_semester": "Fall 2025",
                "student_type": "American",
                "GRE_score": "GRE 314",
                "GRE_V_score": "GRE V 158",
                "GRE_AW_score": "GRE AW 4.50",
                "GPA": "GPA 3.75",
                "comment": "Yesterday, my application portal was changed from under program review to under grad school review. Today, I got the rejection letter. I don\u2019t know why I didn\u2019t get any notification on May 2nd."
            },
            {
                "university": "University of Maryland",
                "program": "Computer Science",
                "program_type": "PhD",
                "entry date": "May 12, 2025",
                "decision": "Rejected on 2 May",
                "url_link": "https://www.thegradcafe.com/result/985870",
                "start_semester": "Fall 2025",
                "student_type": "American",
                "GRE_score": "GRE 314",
                "GRE_V_score": "GRE V 158",
                "GRE_AW_score": "GRE AW 4.50",
                "GPA": "GPA 3.75",
                "comment": "Yesterday, my application portal was changed from under program review to under grad school review. Today, I got the rejection letter. I don\u2019t know why I didn\u2019t get any notification on May 2nd."
            },
            {
                "university": "Columbia University",
                "program": "Computer Science",
                "program_type": "PhD",
                "entry date": "May 12, 2025",
                "decision": "Rejected on 12 May",
                "url_link": "https://www.thegradcafe.com/result/985869",
                "start_semester": "Fall 2025",
                "student_type": "American",
                "GRE_score": "GRE 314",
                "GRE_V_score": "GRE V 158",
                "GRE_AW_score": "GRE AW 4.50",
                "GPA": "GPA 3.75",
                "comment": "Yesterday, my application portal was changed from under program review to under grad school review. Today, I got the rejection letter. I don\u2019t know why I didn\u2019t get any notification on May 2nd."
            },
            {
                "university": "University of South Florida",
                "program": "Computer Science",
                "program_type": "PhD",
                "entry date": "May 09, 2025",
                "decision": "Rejected on 9 May",
                "url_link": "https://www.thegradcafe.com/result/985851",
                "start_semester": "Fall 2025",
                "student_type": "International",
                "GRE_score": "GRE 316",
                "GRE_V_score": "GRE V 152",
                "GRE_AW_score": "GRE AW 3.5",
                "GPA": "GPA 3.83",
                "comment": "Yesterday, my application portal was changed from under program review to under grad school review. Today, I got the rejection letter. I don\u2019t know why I didn\u2019t get any notification on May 2nd."
            },
            {
                "university": "University of Edinburgh",
                "program": "Computer Science",
                "program_type": "Masters",
                "entry date": "May 09, 2025",
                "decision": "Accepted on 14 Apr",
                "url_link": "https://www.thegradcafe.com/result/985846",
                "start_semester": "Fall 2025",
                "student_type": "International",
                "GRE_score": "GRE 316",
                "GRE_V_score": "GRE V 152",
                "GRE_AW_score": "GRE AW 3.5",
                "GPA": "GPA 4.0",
                "comment": "I am very uncertain about taking this opportunity. I believe a 1-year master\u2019s might be too accelerated for me, maybe not in an academic sense, but definitively in a lifestyle sense. I believe it might be too fast-paced and stressful for me. I would appreciate any and all advice I could receive."
            },
            {
                "university": "National University of Singapore",
                "program": "Computer Science",
                "program_type": "Masters",
                "entry date": "May 09, 2025",
                "decision": "Accepted on 9 May",
                "url_link": "https://www.thegradcafe.com/result/985842",
                "start_semester": "Fall 2025",
                "student_type": "International",
                "GRE_score": "GRE 321",
                "GRE_V_score": "GRE V 152",
                "GRE_AW_score": "GRE AW 3.5",
                "GPA": "GPA 3.9",
                "comment": "Didn't hear about scholarships yet..."
            }
        ]
    },
    {
        "2": [
            {
                "university": "Northeastern University",
                "program": "Computer Science",
                "program_type": "PhD",
                "entry date": "May 08, 2025",
                "decision": "Rejected on 6 May",
                "url_link": "https://www.thegradcafe.com/result/985825",
                "start_semester": "Fall 2025",
                "student_type": "International",
                "GRE_score": "None",
                "GRE_V_score": "None",
                "GRE_AW_score": "None",
                "GPA": "GPA 3.2",
                "comment": "None"
            },
            {
                "university": "Northeastern University",
                "program": "Computer Science",
                "program_type": "PhD",
                "entry date": "May 07, 2025",
                "decision": "Rejected on 6 May",
                "url_link": "https://www.thegradcafe.com/result/985824",
                "start_semester": "Fall 2025",
                "student_type": "American",
                "GRE_score": "None",
                "GRE_V_score": "None",
                "GRE_AW_score": "None",
                "GPA": "GPA 4.00",
                "comment": "None"
            },
            {
                "university": "University of Western Ontario",
                "program": "Computer Science",
                "program_type": "Masters",
                "entry date": "May 06, 2025",
                "decision": "Accepted on 1 May",
                "url_link": "https://www.thegradcafe.com/result/985786",
                "start_semester": "Fall 2025",
                "student_type": "International",
                "GRE_score": "None",
                "GRE_V_score": "None",
                "GRE_AW_score": "None",
                "GPA": "GPA 3.3",
                "comment": "Course based MSc"
            },
            {
                "university": "Georgia State University",
                "program": "Computer Science",
                "program_type": "Masters",
                "entry date": "May 05, 2025",
                "decision": "Accepted on 22 Jan",
                "url_link": "https://www.thegradcafe.com/result/985755",
                "start_semester": "Fall 2025",
                "student_type": "International",
                "GRE_score": "None",
                "GRE_V_score": "None",
                "GRE_AW_score": "None",
                "GPA": "GPA 3.6",
                "comment": "Came with a graduate teaching assistantship offer"
            },
            {
                "university": "Ryerson University",
                "program": "Computer Science",
                "program_type": "Masters",
                "entry date": "May 04, 2025",
                "decision": "Accepted on 4 May",
                "url_link": "https://www.thegradcafe.com/result/985746",
                "start_semester": "Fall 2025",
                "student_type": "International",
                "GRE_score": "None",
                "GRE_V_score": "None",
                "GRE_AW_score": "None",
                "GPA": "GPA 3.7",
                "comment": "Came with a graduate teaching assistantship offer"
            },
            {
                "university": "Ryerson University",
                "program": "Computer Science",
                "program_type": "Masters",
                "entry date": "May 04, 2025",
                "decision": "Accepted on 4 May",
                "url_link": "https://www.thegradcafe.com/result/985745",
                "start_semester": "Fall 2025",
                "student_type": "International",
                "GRE_score": "None",
                "GRE_V_score": "None",
                "GRE_AW_score": "None",
                "GPA": "GPA 2.7",
                "comment": "Came with a graduate teaching assistantship offer"
            },
            {
                "university": "Ryerson University",
                "program": "Computer Science",
                "program_type": "Masters",
                "entry date": "May 04, 2025",
                "decision": "Accepted on 4 May",
                "url_link": "https://www.thegradcafe.com/result/985744",
                "start_semester": "Fall 2025",
                "student_type": "International",
                "GRE_score": "None",
                "GRE_V_score": "None",
                "GRE_AW_score": "None",
                "GPA": "GPA 2.7",
                "comment": "Came with a graduate teaching assistantship offer"
            },
            {
                "university": "University of British Columbia",
                "program": "Computer Science",
                "program_type": "Masters",
                "entry date": "May 04, 2025",
                "decision": "Accepted on 4 May",
                "url_link": "https://www.thegradcafe.com/result/985741",
                "start_semester": "Fall 2025",
                "student_type": "International",
                "GRE_score": "None",
                "GRE_V_score": "None",
                "GRE_AW_score": "None",
                "GPA": "GPA 3.55",
                "comment": "Came with a graduate teaching assistantship offer"
            },
            {
                "university": "Sookmyung Women's University",
                "program": "Computer Science",
                "program_type": "Masters",
                "entry date": "May 04, 2025",
                "decision": "Accepted on 4 May",
                "url_link": "https://www.thegradcafe.com/result/985740",
                "start_semester": "Fall 2025",
                "student_type": "International",
                "GRE_score": "None",
                "GRE_V_score": "None",
                "GRE_AW_score": "None",
                "GPA": "GPA 3.55",
                "comment": "Came with a graduate teaching assistantship offer"
            },
            {
                "university": "Ohio State University - Columbus",
                "program": "Computer Science",
                "program_type": "Masters",
                "entry date": "May 02, 2025",
                "decision": "Accepted on 1 May",
                "url_link": "https://www.thegradcafe.com/result/985698",
                "start_semester": "Fall 2025",
                "student_type": "International",
                "GRE_score": "None",
                "GRE_V_score": "None",
                "GRE_AW_score": "None",
                "GPA": "GPA 3.82",
                "comment": "Came with a graduate teaching assistantship offer"
            },
            {
                "university": "Georgia Institute of Technology",
                "program": "Computer Science",
                "program_type": "Masters",
                "entry date": "May 02, 2025",
                "decision": "Accepted on 2 May",
                "url_link": "https://www.thegradcafe.com/result/985695",
                "start_semester": "Fall 2025",
                "student_type": "American",
                "GRE_score": "None",
                "GRE_V_score": "None",
                "GRE_AW_score": "None",
                "GPA": "GPA 3.86",
                "comment": "OMSCS. Did not apply early decision."
            },
            {
                "university": "University of Maryland",
                "program": "Computer Science",
                "program_type": "PhD",
                "entry date": "May 02, 2025",
                "decision": "Rejected on 2 May",
                "url_link": "https://www.thegradcafe.com/result/985694",
                "start_semester": "Fall 2025",
                "student_type": "American",
                "GRE_score": "None",
                "GRE_V_score": "None",
                "GRE_AW_score": "None",
                "GPA": "GPA 4.00",
                "comment": "OMSCS. Did not apply early decision."
            },
            {
                "university": "The University of British Columbia",
                "program": "Computer Science",
                "program_type": "Masters",
                "entry date": "May 02, 2025",
                "decision": "Rejected on 1 May",
                "url_link": "https://www.thegradcafe.com/result/985693",
                "start_semester": "Fall 2025",
                "student_type": "International",
                "GRE_score": "None",
                "GRE_V_score": "None",
                "GRE_AW_score": "None",
                "GPA": "GPA 4.00",
                "comment": "International applicant, IELTS 7.5, Class rank: 1st, Research interest: NLP and GenAI, received a generic rejection Email.\r\nUBC was my main choice, maybe next year..."
            },
            {
                "university": "University of Maryland, College Park",
                "program": "Computer Science",
                "program_type": "PhD",
                "entry date": "May 02, 2025",
                "decision": "Rejected on 2 May",
                "url_link": "https://www.thegradcafe.com/result/985687",
                "start_semester": "Fall 2025",
                "student_type": "International",
                "GRE_score": "None",
                "GRE_V_score": "None",
                "GRE_AW_score": "None",
                "GPA": "GPA 3.90",
                "comment": "International applicant, IELTS 7.5, Class rank: 1st, Research interest: NLP and GenAI, received a generic rejection Email.\r\nUBC was my main choice, maybe next year..."
            },
            {
                "university": "University of Maryland, College Park",
                "program": "Computer Science",
                "program_type": "PhD",
                "entry date": "May 02, 2025",
                "decision": "Rejected on 2 May",
                "url_link": "https://www.thegradcafe.com/result/985686",
                "start_semester": "Fall 2025",
                "student_type": "International",
                "GRE_score": "None",
                "GRE_V_score": "None",
                "GRE_AW_score": "None",
                "GPA": "GPA 3.90",
                "comment": "International applicant, IELTS 7.5, Class rank: 1st, Research interest: NLP and GenAI, received a generic rejection Email.\r\nUBC was my main choice, maybe next year..."
            },
            {
                "university": "Vellore Institute of Technology",
                "program": "Computer Science",
                "program_type": "Masters",
                "entry date": "May 01, 2025",
                "decision": "Wait listed on 1 May",
                "url_link": "https://www.thegradcafe.com/result/985682",
                "start_semester": "Fall 2025",
                "student_type": "International",
                "GRE_score": "GRE 155",
                "GRE_V_score": "GRE V 156",
                "GRE_AW_score": "GRE AW 4",
                "GPA": "GPA 3.27",
                "comment": "International applicant, IELTS 7.5, Class rank: 1st, Research interest: NLP and GenAI, received a generic rejection Email.\r\nUBC was my main choice, maybe next year..."
            },
            {
                "university": "University of Western Ontario",
                "program": "Computer Science",
                "program_type": "Masters",
                "entry date": "May 01, 2025",
                "decision": "Rejected on 30 Apr",
                "url_link": "https://www.thegradcafe.com/result/985658",
                "start_semester": "Fall 2025",
                "student_type": "International",
                "GRE_score": "GRE 155",
                "GRE_V_score": "GRE V 156",
                "GRE_AW_score": "GRE AW 4",
                "GPA": "GPA 3.81",
                "comment": "1 Research Publication + 1 Year Professional Experience."
            },
            {
                "university": "University of Saskatchewan",
                "program": "Computer Science",
                "program_type": "Masters",
                "entry date": "May 01, 2025",
                "decision": "Rejected on 1 May",
                "url_link": "https://www.thegradcafe.com/result/985657",
                "start_semester": "Fall 2025",
                "student_type": "International",
                "GRE_score": "GRE 155",
                "GRE_V_score": "GRE V 156",
                "GRE_AW_score": "GRE AW 4",
                "GPA": "GPA 3.81",
                "comment": "1 Research Publication + 1 Year Professional Experience."
            },
            {
                "university": "Rutgers University",
                "program": "Computer Science",
                "program_type": "PhD",
                "entry date": "April 30, 2025",
                "decision": "Rejected on 29 Apr",
                "url_link": "https://www.thegradcafe.com/result/985635",
                "start_semester": "Fall 2025",
                "student_type": "International",
                "GRE_score": "GRE 155",
                "GRE_V_score": "GRE V 156",
                "GRE_AW_score": "GRE AW 4",
                "GPA": "GPA 3.81",
                "comment": "1 Research Publication + 1 Year Professional Experience."
            }
        ]
    },
    {
        "3": [
            {
                "university": "University of Utah",
                "program": "Computer Science",
                "program_type": "PhD",
                "entry date": "April 29, 2025",
                "decision": "Rejected on 25 Apr",
                "url_link": "https://www.thegradcafe.com/result/985630",
                "start_semester": "Fall 2025",
                "student_type": "International",
                "GRE_score": "None",
                "GRE_V_score": "None",
                "GRE_AW_score": "None",
                "GPA": "GPA 3.90",
                "comment": "None"
            },
            {
                "university": "Brandeis University",
                "program": "Computer Science",
                "program_type": "PhD",
                "entry date": "April 29, 2025",
                "decision": "Rejected on 28 Apr",
                "url_link": "https://www.thegradcafe.com/result/985629",
                "start_semester": "Fall 2025",
                "student_type": "International",
                "GRE_score": "None",
                "GRE_V_score": "None",
                "GRE_AW_score": "None",
                "GPA": "GPA 3.90",
                "comment": "None"
            },
            {
                "university": "University of Texas at Arlington",
                "program": "Computer Science",
                "program_type": "PhD",
                "entry date": "April 29, 2025",
                "decision": "Accepted on 29 Apr",
                "url_link": "https://www.thegradcafe.com/result/985628",
                "start_semester": "Fall 2025",
                "student_type": "International",
                "GRE_score": "None",
                "GRE_V_score": "None",
                "GRE_AW_score": "None",
                "GPA": "GPA 3.90",
                "comment": "None"
            },
            {
                "university": "University of California, Irvine",
                "program": "Computer Science",
                "program_type": "PhD",
                "entry date": "April 29, 2025",
                "decision": "Rejected on 29 Apr",
                "url_link": "https://www.thegradcafe.com/result/985625",
                "start_semester": "Fall 2025",
                "student_type": "International",
                "GRE_score": "None",
                "GRE_V_score": "None",
                "GRE_AW_score": "None",
                "GPA": "GPA 3.90",
                "comment": "None"
            },
            {
                "university": "University of Helsinki",
                "program": "Computer Science",
                "program_type": "Masters",
                "entry date": "April 29, 2025",
                "decision": "Accepted on 28 Apr",
                "url_link": "https://www.thegradcafe.com/result/985606",
                "start_semester": "Fall 2025",
                "student_type": "International",
                "GRE_score": "None",
                "GRE_V_score": "None",
                "GRE_AW_score": "None",
                "GPA": "GPA 3.40",
                "comment": "EU Citizen, AMK Bachelor's in Finland"
            },
            {
                "university": "NYU Tandon School of Engineering",
                "program": "Computer Science",
                "program_type": "Masters",
                "entry date": "April 29, 2025",
                "decision": "Accepted on 4 Apr",
                "url_link": "https://www.thegradcafe.com/result/985601",
                "start_semester": "Fall 2025",
                "student_type": "International",
                "GRE_score": "GRE 323",
                "GRE_V_score": "None",
                "GRE_AW_score": "None",
                "GPA": "GPA 3.36",
                "comment": "EU Citizen, AMK Bachelor's in Finland"
            },
            {
                "university": "Columbia",
                "program": "Computer Science",
                "program_type": "Masters",
                "entry date": "April 28, 2025",
                "decision": "Rejected on 28 Apr",
                "url_link": "https://www.thegradcafe.com/result/985568",
                "start_semester": "Fall 2025",
                "student_type": "American",
                "GRE_score": "GRE 323",
                "GRE_V_score": "None",
                "GRE_AW_score": "None",
                "GPA": "GPA 3.60",
                "comment": "Updated in portal. No email."
            },
            {
                "university": "Michigan State University",
                "program": "Computer Science",
                "program_type": "PhD",
                "entry date": "April 28, 2025",
                "decision": "Rejected on 28 Apr",
                "url_link": "https://www.thegradcafe.com/result/985567",
                "start_semester": "Fall 2025",
                "student_type": "International",
                "GRE_score": "GRE 165",
                "GRE_V_score": "GRE V 157",
                "GRE_AW_score": "GRE AW 4.00",
                "GPA": "GPA 3.43",
                "comment": "Updated in portal. No email."
            },
            {
                "university": "Georgia Institute of Technology",
                "program": "Computer Science",
                "program_type": "Masters",
                "entry date": "April 28, 2025",
                "decision": "Rejected on 5 Apr",
                "url_link": "https://www.thegradcafe.com/result/985563",
                "start_semester": "Fall 2025",
                "student_type": "International",
                "GRE_score": "GRE 330",
                "GRE_V_score": "GRE V 160",
                "GRE_AW_score": "GRE AW 4.50",
                "GPA": "GPA 3.43",
                "comment": "Feels like this year's GATech was wild ride."
            },
            {
                "university": "University of California, Berkeley",
                "program": "Electrical Engineering and Computer Science",
                "program_type": "Masters",
                "entry date": "April 28, 2025",
                "decision": "Rejected on 23 Apr",
                "url_link": "https://www.thegradcafe.com/result/985558",
                "start_semester": "Fall 2025",
                "student_type": "American",
                "GRE_score": "GRE 330",
                "GRE_V_score": "GRE V 160",
                "GRE_AW_score": "GRE AW 4.50",
                "GPA": "GPA 3.43",
                "comment": "Meng EECS rejected, 4.0 major GPA 3.5 cumulative, strong letters of recommendations and 4.0 was from last two years, f berkeley. Turned in writing samples and all, I suppose not having a research paper hurt."
            },
            {
                "university": "University of California, Riverside",
                "program": "Computer Science",
                "program_type": "PhD",
                "entry date": "April 27, 2025",
                "decision": "Rejected on 21 Apr",
                "url_link": "https://www.thegradcafe.com/result/985555",
                "start_semester": "Fall 2025",
                "student_type": "International",
                "GRE_score": "GRE 330",
                "GRE_V_score": "GRE V 160",
                "GRE_AW_score": "GRE AW 4.50",
                "GPA": "GPA 3.96",
                "comment": "Meng EECS rejected, 4.0 major GPA 3.5 cumulative, strong letters of recommendations and 4.0 was from last two years, f berkeley. Turned in writing samples and all, I suppose not having a research paper hurt."
            },
            {
                "university": "NYU Tandon School of Engineering",
                "program": "Computer Science",
                "program_type": "PhD",
                "entry date": "April 27, 2025",
                "decision": "Rejected on 20 Apr",
                "url_link": "https://www.thegradcafe.com/result/985554",
                "start_semester": "Fall 2025",
                "student_type": "International",
                "GRE_score": "GRE 330",
                "GRE_V_score": "GRE V 160",
                "GRE_AW_score": "GRE AW 4.50",
                "GPA": "GPA 3.96",
                "comment": "Meng EECS rejected, 4.0 major GPA 3.5 cumulative, strong letters of recommendations and 4.0 was from last two years, f berkeley. Turned in writing samples and all, I suppose not having a research paper hurt."
            },
            {
                "university": "University of Utah",
                "program": "Computer Science",
                "program_type": "PhD",
                "entry date": "April 27, 2025",
                "decision": "Rejected on 25 Apr",
                "url_link": "https://www.thegradcafe.com/result/985553",
                "start_semester": "Fall 2025",
                "student_type": "American",
                "GRE_score": "GRE 330",
                "GRE_V_score": "GRE V 160",
                "GRE_AW_score": "GRE AW 4.50",
                "GPA": "GPA 4.00",
                "comment": "Meng EECS rejected, 4.0 major GPA 3.5 cumulative, strong letters of recommendations and 4.0 was from last two years, f berkeley. Turned in writing samples and all, I suppose not having a research paper hurt."
            },
            {
                "university": "University of Utah",
                "program": "Computer Science",
                "program_type": "PhD",
                "entry date": "April 27, 2025",
                "decision": "Rejected on 25 Apr",
                "url_link": "https://www.thegradcafe.com/result/985541",
                "start_semester": "Fall 2025",
                "student_type": "International",
                "GRE_score": "GRE 330",
                "GRE_V_score": "GRE V 160",
                "GRE_AW_score": "GRE AW 4.50",
                "GPA": "GPA 4.00",
                "comment": "Meng EECS rejected, 4.0 major GPA 3.5 cumulative, strong letters of recommendations and 4.0 was from last two years, f berkeley. Turned in writing samples and all, I suppose not having a research paper hurt."
            },
            {
                "university": "University of Illinois Chicago(UIC)",
                "program": "Computer Science",
                "program_type": "PhD",
                "entry date": "April 26, 2025",
                "decision": "Rejected on 21 Apr",
                "url_link": "https://www.thegradcafe.com/result/985530",
                "start_semester": "Fall 2025",
                "student_type": "International",
                "GRE_score": "GRE 330",
                "GRE_V_score": "GRE V 160",
                "GRE_AW_score": "GRE AW 4.50",
                "GPA": "GPA 4.00",
                "comment": "Meng EECS rejected, 4.0 major GPA 3.5 cumulative, strong letters of recommendations and 4.0 was from last two years, f berkeley. Turned in writing samples and all, I suppose not having a research paper hurt."
            },
            {
                "university": "University of Southern California",
                "program": "Computer Science",
                "program_type": "Masters",
                "entry date": "April 26, 2025",
                "decision": "Accepted on 18 Feb",
                "url_link": "https://www.thegradcafe.com/result/985527",
                "start_semester": "Fall 2025",
                "student_type": "International",
                "GRE_score": "GRE 316",
                "GRE_V_score": "GRE V 153",
                "GRE_AW_score": "GRE AW 5.00",
                "GPA": "GPA 3.90",
                "comment": "Meng EECS rejected, 4.0 major GPA 3.5 cumulative, strong letters of recommendations and 4.0 was from last two years, f berkeley. Turned in writing samples and all, I suppose not having a research paper hurt."
            },
            {
                "university": "Purdue University",
                "program": "Computer Science",
                "program_type": "PhD",
                "entry date": "April 26, 2025",
                "decision": "Rejected on 25 Apr",
                "url_link": "https://www.thegradcafe.com/result/985525",
                "start_semester": "Fall 2025",
                "student_type": "International",
                "GRE_score": "GRE 316",
                "GRE_V_score": "GRE V 153",
                "GRE_AW_score": "GRE AW 5.00",
                "GPA": "GPA 3.90",
                "comment": "Got a rejection mail yesterday, also indicated in application portal. Still waiting for decision from ece phd, related to cs. This us where I have research match. Cs was 2nd option. Let us see."
            },
            {
                "university": "University of Utah",
                "program": "Computer Science",
                "program_type": "PhD",
                "entry date": "April 25, 2025",
                "decision": "Rejected on 25 Apr",
                "url_link": "https://www.thegradcafe.com/result/985516",
                "start_semester": "Fall 2025",
                "student_type": "International",
                "GRE_score": "GRE 316",
                "GRE_V_score": "GRE V 153",
                "GRE_AW_score": "GRE AW 5.00",
                "GPA": "GPA 3.90",
                "comment": "Got a rejection mail yesterday, also indicated in application portal. Still waiting for decision from ece phd, related to cs. This us where I have research match. Cs was 2nd option. Let us see."
            },
            {
                "university": "Purdue University",
                "program": "Computer Science",
                "program_type": "Masters",
                "entry date": "April 25, 2025",
                "decision": "Rejected on 25 Apr",
                "url_link": "https://www.thegradcafe.com/result/985505",
                "start_semester": "Fall 2025",
                "student_type": "International",
                "GRE_score": "GRE 316",
                "GRE_V_score": "GRE V 153",
                "GRE_AW_score": "GRE AW 5.00",
                "GPA": "GPA 3.90",
                "comment": "Got a rejection mail yesterday, also indicated in application portal. Still waiting for decision from ece phd, related to cs. This us where I have research match. Cs was 2nd option. Let us see."
            }
        ]
    },
    {
        "4": [
            {
                "university": "Purdue University",
                "program": "Computer Science",
                "program_type": "PhD",
                "entry date": "April 25, 2025",
                "decision": "Rejected on 25 Apr",
                "url_link": "https://www.thegradcafe.com/result/985486",
                "start_semester": "Fall 2025",
                "student_type": "International",
                "GRE_score": "None",
                "GRE_V_score": "None",
                "GRE_AW_score": "None",
                "GPA": "GPA 3.86",
                "comment": "None"
            },
            {
                "university": "University of Toronto",
                "program": "Computer Science",
                "program_type": "Masters",
                "entry date": "April 25, 2025",
                "decision": "Rejected on 24 Apr",
                "url_link": "https://www.thegradcafe.com/result/985480",
                "start_semester": "Fall 2025",
                "student_type": "International",
                "GRE_score": "None",
                "GRE_V_score": "None",
                "GRE_AW_score": "None",
                "GPA": "GPA 3.80",
                "comment": "Canadian applicant, 3.8 gpa, 2 industry internships, 1 CV paper."
            },
            {
                "university": "University College London",
                "program": "Computer Science",
                "program_type": "Masters",
                "entry date": "April 24, 2025",
                "decision": "Accepted on 23 Apr",
                "url_link": "https://www.thegradcafe.com/result/985472",
                "start_semester": "Fall 2025",
                "student_type": "International",
                "GRE_score": "GRE 326",
                "GRE_V_score": "GRE V 156",
                "GRE_AW_score": "GRE AW 4.00",
                "GPA": "GPA 3.18",
                "comment": "IIT Kharagpur (Dept of Ocean Engineering and Naval Architecture), CGPA 7.95, IELTS 8.5, GRE 326(170Q), 2 Foreign Research Interns, 3 Other Interns, No Papers, Couple of Media Features, got accepted into UCL Emerging Digital Technologies Program"
            },
            {
                "university": "University of California, Riverside",
                "program": "Computer Science",
                "program_type": "PhD",
                "entry date": "April 24, 2025",
                "decision": "Rejected on 24 Apr",
                "url_link": "https://www.thegradcafe.com/result/985469",
                "start_semester": "Fall 2025",
                "student_type": "International",
                "GRE_score": "GRE 326",
                "GRE_V_score": "GRE V 156",
                "GRE_AW_score": "GRE AW 4.00",
                "GPA": "GPA 3.18",
                "comment": "IIT Kharagpur (Dept of Ocean Engineering and Naval Architecture), CGPA 7.95, IELTS 8.5, GRE 326(170Q), 2 Foreign Research Interns, 3 Other Interns, No Papers, Couple of Media Features, got accepted into UCL Emerging Digital Technologies Program"
            },
            {
                "university": "University of Toronto",
                "program": "Computer Science",
                "program_type": "Masters",
                "entry date": "April 24, 2025",
                "decision": "Rejected on 24 Apr",
                "url_link": "https://www.thegradcafe.com/result/985455",
                "start_semester": "Fall 2025",
                "student_type": "International",
                "GRE_score": "GRE 326",
                "GRE_V_score": "GRE V 156",
                "GRE_AW_score": "GRE AW 4.00",
                "GPA": "GPA 3.90",
                "comment": "multiple research internships in CS-adjacent domains and strong LORs (imo). idk what uoft is doing"
            },
            {
                "university": "University of Toronto",
                "program": "Computer Science",
                "program_type": "Masters",
                "entry date": "April 24, 2025",
                "decision": "Rejected on 24 Apr",
                "url_link": "https://www.thegradcafe.com/result/985454",
                "start_semester": "Fall 2025",
                "student_type": "International",
                "GRE_score": "GRE 326",
                "GRE_V_score": "GRE V 156",
                "GRE_AW_score": "GRE AW 4.00",
                "GPA": "GPA 3.90",
                "comment": "multiple research internships in CS-adjacent domains and strong LORs (imo). idk what uoft is doing"
            },
            {
                "university": "University of Toronto",
                "program": "Computer Science",
                "program_type": "Masters",
                "entry date": "April 24, 2025",
                "decision": "Rejected on 24 Apr",
                "url_link": "https://www.thegradcafe.com/result/985453",
                "start_semester": "Fall 2025",
                "student_type": "International",
                "GRE_score": "GRE 326",
                "GRE_V_score": "GRE V 156",
                "GRE_AW_score": "GRE AW 4.00",
                "GPA": "GPA 3.85",
                "comment": "One co-author publication, graduate of a top 3 Canadian University. Not good enough for U of T I guess."
            },
            {
                "university": "University of Toronto",
                "program": "Computer Science",
                "program_type": "Masters",
                "entry date": "April 24, 2025",
                "decision": "Rejected on 24 Apr",
                "url_link": "https://www.thegradcafe.com/result/985451",
                "start_semester": "Fall 2025",
                "student_type": "International",
                "GRE_score": "GRE 326",
                "GRE_V_score": "GRE V 156",
                "GRE_AW_score": "GRE AW 4.00",
                "GPA": "GPA 3.85",
                "comment": "One co-author publication, graduate of a top 3 Canadian University. Not good enough for U of T I guess."
            },
            {
                "university": "University of Toronto",
                "program": "Computer Science",
                "program_type": "Masters",
                "entry date": "April 24, 2025",
                "decision": "Rejected on 24 Apr",
                "url_link": "https://www.thegradcafe.com/result/985449",
                "start_semester": "Fall 2025",
                "student_type": "International",
                "GRE_score": "GRE 326",
                "GRE_V_score": "GRE V 156",
                "GRE_AW_score": "GRE AW 4.00",
                "GPA": "GPA 3.94",
                "comment": "One co-author publication, graduate of a top 3 Canadian University. Not good enough for U of T I guess."
            },
            {
                "university": "University of Virginia",
                "program": "Computer Science",
                "program_type": "PhD",
                "entry date": "April 24, 2025",
                "decision": "Rejected on 12 Mar",
                "url_link": "https://www.thegradcafe.com/result/985434",
                "start_semester": "Fall 2025",
                "student_type": "International",
                "GRE_score": "GRE 326",
                "GRE_V_score": "GRE V 156",
                "GRE_AW_score": "GRE AW 4.00",
                "GPA": "GPA 3.94",
                "comment": "One co-author publication, graduate of a top 3 Canadian University. Not good enough for U of T I guess."
            },
            {
                "university": "University of California, San Diego",
                "program": "Computer Science",
                "program_type": "PhD",
                "entry date": "April 23, 2025",
                "decision": "Rejected on 18 Apr",
                "url_link": "https://www.thegradcafe.com/result/985400",
                "start_semester": "Fall 2025",
                "student_type": "American",
                "GRE_score": "GRE 326",
                "GRE_V_score": "GRE V 156",
                "GRE_AW_score": "GRE AW 4.00",
                "GPA": "GPA 4.00",
                "comment": "One co-author publication, graduate of a top 3 Canadian University. Not good enough for U of T I guess."
            },
            {
                "university": "State University of New York at Buffalo",
                "program": "Computer Science and Engineering",
                "program_type": "PhD",
                "entry date": "April 23, 2025",
                "decision": "Rejected on 23 Apr",
                "url_link": "https://www.thegradcafe.com/result/985389",
                "start_semester": "Fall 2025",
                "student_type": "International",
                "GRE_score": "GRE 326",
                "GRE_V_score": "GRE V 156",
                "GRE_AW_score": "GRE AW 4.00",
                "GPA": "GPA 3.20",
                "comment": "One co-author publication, graduate of a top 3 Canadian University. Not good enough for U of T I guess."
            },
            {
                "university": "Georgia Institute of Technology",
                "program": "Computer Science",
                "program_type": "PhD",
                "entry date": "April 23, 2025",
                "decision": "Rejected on 23 Apr",
                "url_link": "https://www.thegradcafe.com/result/985385",
                "start_semester": "Fall 2025",
                "student_type": "International",
                "GRE_score": "GRE 326",
                "GRE_V_score": "GRE V 156",
                "GRE_AW_score": "GRE AW 4.00",
                "GPA": "GPA 3.97",
                "comment": "One co-author publication, graduate of a top 3 Canadian University. Not good enough for U of T I guess."
            },
            {
                "university": "Lehigh University",
                "program": "Computer Science",
                "program_type": "Masters",
                "entry date": "April 22, 2025",
                "decision": "Accepted on 18 Apr",
                "url_link": "https://www.thegradcafe.com/result/985343",
                "start_semester": "Fall 2025",
                "student_type": "International",
                "GRE_score": "GRE 326",
                "GRE_V_score": "GRE V 156",
                "GRE_AW_score": "GRE AW 4.00",
                "GPA": "GPA 3.86",
                "comment": "One co-author publication, graduate of a top 3 Canadian University. Not good enough for U of T I guess."
            },
            {
                "university": "University of Illinois Chicago(UIC)",
                "program": "Computer Science",
                "program_type": "PhD",
                "entry date": "April 21, 2025",
                "decision": "Rejected on 21 Apr",
                "url_link": "https://www.thegradcafe.com/result/985310",
                "start_semester": "Fall 2025",
                "student_type": "American",
                "GRE_score": "GRE 326",
                "GRE_V_score": "GRE V 156",
                "GRE_AW_score": "GRE AW 4.00",
                "GPA": "GPA 3.90",
                "comment": "One co-author publication, graduate of a top 3 Canadian University. Not good enough for U of T I guess."
            },
            {
                "university": "Virginia Tech",
                "program": "Computer Science",
                "program_type": "PhD",
                "entry date": "April 21, 2025",
                "decision": "Rejected on 6 Mar",
                "url_link": "https://www.thegradcafe.com/result/985304",
                "start_semester": "Fall 2025",
                "student_type": "American",
                "GRE_score": "GRE 326",
                "GRE_V_score": "GRE V 156",
                "GRE_AW_score": "GRE AW 4.00",
                "GPA": "GPA 3.90",
                "comment": "One co-author publication, graduate of a top 3 Canadian University. Not good enough for U of T I guess."
            },
            {
                "university": "University of Pittsburgh",
                "program": "Computer Science",
                "program_type": "PhD",
                "entry date": "April 21, 2025",
                "decision": "Rejected on 21 Apr",
                "url_link": "https://www.thegradcafe.com/result/985302",
                "start_semester": "Fall 2025",
                "student_type": "American",
                "GRE_score": "GRE 326",
                "GRE_V_score": "GRE V 156",
                "GRE_AW_score": "GRE AW 4.00",
                "GPA": "GPA 3.90",
                "comment": "One co-author publication, graduate of a top 3 Canadian University. Not good enough for U of T I guess."
            },
            {
                "university": "University of Waterloo",
                "program": "Computer Science",
                "program_type": "Masters",
                "entry date": "April 21, 2025",
                "decision": "Rejected on 21 Apr",
                "url_link": "https://www.thegradcafe.com/result/985298",
                "start_semester": "Fall 2025",
                "student_type": "International",
                "GRE_score": "GRE 326",
                "GRE_V_score": "GRE V 156",
                "GRE_AW_score": "GRE AW 4.00",
                "GPA": "GPA 3.70",
                "comment": "One co-author publication, graduate of a top 3 Canadian University. Not good enough for U of T I guess."
            },
            {
                "university": "University of Southern California",
                "program": "Computer Science",
                "program_type": "Masters",
                "entry date": "April 21, 2025",
                "decision": "Rejected on 20 Apr",
                "url_link": "https://www.thegradcafe.com/result/985295",
                "start_semester": "Fall 2025",
                "student_type": "American",
                "GRE_score": "GRE 326",
                "GRE_V_score": "GRE V 156",
                "GRE_AW_score": "GRE AW 4.00",
                "GPA": "GPA 3.50",
                "comment": "One co-author publication, graduate of a top 3 Canadian University. Not good enough for U of T I guess."
            }
        ]
    }
]